EmployeeID,Age,Department,Salary,PerformanceScore,JoiningDate
1001,24,IT,48000,72,2022-01-15
1002,27,IT,55000,78,2021-06-20
1003,31,IT,68000,85,2020-03-10
1004,35,IT,76000,91,2019-08-12
1005,42,IT,88000,94,2017-02-18
1006,23,Finance,45000,68,2023-04-11
1007,28,Finance,52000,74,2021-09-05
1008,34,Finance,61000,81,2020-11-23
1009,39,Finance,70000,87,2018-05-19
1010,45,Finance,82000,90,2016-07-30
1011,25,HR,46000,70,2022-07-14
1012,29,HR,51000,76,2021-03-21
1013,33,HR,57000,79,2020-06-17
1014,38,HR,65000,86,2018-12-09
1015,44,HR,73000,89,2016-10-25
1016,26,Marketing,47000,71,2022-02-08
1017,30,Marketing,54000,77,2021-05-16
1018,36,Marketing,62000,83,2019-11-04
1019,41,Marketing,71000,88,2018-04-27
1020,46,Marketing,79000,92,2015-09-13
1021,22,Sales,44000,65,2023-06-01
1022,27,Sales,50000,73,2021-11-12
1023,32,Sales,59000,80,2020-02-28
1024,37,Sales,67000,84,2018-08-16
1025,43,Sales,75000,88,2017-01-22
1026,24,IT,50000,75,2022-10-05
1027,32,Finance,64000,82,2019-04-14
1028,35,HR,60000,81,2020-09-18
1029,39,Marketing,68000,86,2018-01-30
1030,48,Sales,85000,93,2014-06-11
